id,first_name,last_name,email,gender,ip_address
1,Jennie,Chumley,jchumley0@ftc.gov,Female,231.191.248.6
2,Zacharie,Overal,zoveral1@slideshare.net,Male,55.83.34.131
3,Allard,Barmby,abarmby2@timesonline.co.uk,Male,128.35.86.60
4,Laurette,Dutt,ldutt3@reference.com,Female,250.143.114.86
5,Hansiain,Strowger,hstrowger4@hostgator.com,Male,20.213.72.51
6,Barnabas,Jedrzejkiewicz,bjedrzejkiewicz5@sciencedaily.com,Male,102.126.57.20
7,Hammad,Founds,hfounds6@1und1.de,Male,17.42.228.19
8,Tully,Naismith,tnaismith7@theatlantic.com,Male,111.25.176.238
9,Arie,Cholonin,acholonin8@ebay.com,Male,35.235.39.192
10,Ddene,LaBastida,dlabastida9@virginia.edu,Female,159.196.89.123
11,Alexei,Browncey,abrownceya@stanford.edu,Male,120.91.68.194
12,Ring,Tomes,rtomesb@icio.us,Male,100.63.174.189
13,Sheffie,Murty,smurtyc@about.me,Male,139.7.28.32
14,Electra,Ephson,eephsond@mediafire.com,Polygender,44.230.110.163
15,Worthington,Leggon,wleggone@ted.com,Male,255.231.162.165
16,Helsa,Throssell,hthrossellf@phoca.cz,Female,23.169.104.26
17,Innis,Sifleet,isifleetg@ca.gov,Male,109.75.80.193
18,Archibaldo,Cowpe,acowpeh@sogou.com,Genderqueer,58.240.190.247
19,Bealle,Lorkin,blorkini@spiegel.de,Male,99.133.237.25
20,Mae,Telega,mtelegaj@europa.eu,Female,197.91.75.107
21,Amalia,Rimes,arimesk@cyberchimps.com,Female,98.9.99.84
22,Sascha,McGuffie,smcguffiel@usatoday.com,Male,80.102.202.229
23,Wynn,Carcas,wcarcasm@ucoz.com,Female,254.183.241.199
24,Charlene,Bridges,cbridgesn@mapy.cz,Genderfluid,152.180.176.106
25,Ripley,Osgar,rosgaro@ehow.com,Male,32.186.238.151
26,Chance,Morey,cmoreyp@g.co,Male,155.83.101.247
27,Ephraim,Gallyon,egallyonq@ucoz.com,Male,11.52.165.120
28,Casey,Ambrogi,cambrogir@squidoo.com,Male,129.92.176.129
29,Lazaro,Roth,lroths@cnbc.com,Male,192.126.11.207
30,Nesta,Mattheissen,nmattheissent@goo.ne.jp,Female,188.166.139.121
31,Mirabel,Gaines,mgainesu@bloomberg.com,Female,146.43.95.41
32,Antony,McCahill,amccahillv@boston.com,Male,176.66.116.128
33,Kristoforo,Sinfield,ksinfieldw@bizjournals.com,Male,14.220.252.164
34,Korry,Herkess,kherkessx@weibo.com,Female,220.218.211.152
35,Aprilette,Ranson,aransony@tripadvisor.com,Female,144.173.6.4
36,Izaak,Stallon,istallonz@blinklist.com,Male,145.119.221.36
37,Indira,Feeham,ifeeham10@youku.com,Female,122.218.136.237
38,Stanwood,Ryce,sryce11@who.int,Male,23.213.60.137
39,Lewie,Biggadyke,lbiggadyke12@chicagotribune.com,Male,0.121.36.31
40,Melisa,Skones,mskones13@ustream.tv,Female,199.190.26.224
41,Dru,Skitteral,dskitteral14@cocolog-nifty.com,Male,165.206.225.182
42,Roma,Zink,rzink15@mapquest.com,Male,247.249.2.231
43,Gottfried,Kissock,gkissock16@xing.com,Male,241.29.192.73
44,Tish,Jantet,tjantet17@desdev.cn,Polygender,108.202.154.213
45,Orella,Baly,obaly18@altervista.org,Female,105.174.151.34
46,Ivory,Heijnen,iheijnen19@washington.edu,Female,193.155.114.231
47,Salvatore,Stapleford,sstapleford1a@bluehost.com,Male,135.210.168.193
48,Alicia,Tucknutt,atucknutt1b@ed.gov,Female,90.171.198.204
49,Sibel,Tankard,stankard1c@dailymotion.com,Genderqueer,51.187.228.42
50,Horace,Brotherhed,hbrotherhed1d@printfriendly.com,Male,164.37.125.46
51,Marius,Baus,mbaus1e@nyu.edu,Male,207.75.60.218
52,Korey,Hirjak,khirjak1f@time.com,Male,221.187.83.4
53,Mill,Knowlton,mknowlton1g@feedburner.com,Male,172.112.119.37
54,Nathanael,Hanscomb,nhanscomb1h@berkeley.edu,Male,162.193.33.206
55,Johannah,Keme,jkeme1i@chicagotribune.com,Female,78.197.185.102
56,Winthrop,Bremeyer,wbremeyer1j@yellowbook.com,Male,11.131.120.46
57,Letta,Yitzhakof,lyitzhakof1k@gnu.org,Female,22.251.70.160
58,Minor,Ousbie,mousbie1l@cpanel.net,Non-binary,170.101.148.243
59,Artur,Woolen,awoolen1m@house.gov,Male,4.223.53.212
60,Elnora,Thackeray,ethackeray1n@bizjournals.com,Female,34.102.182.119
61,Audrye,Dowall,adowall1o@archive.org,Non-binary,148.195.172.88
62,Pascal,Palatino,ppalatino1p@psu.edu,Male,44.101.161.32
63,Terrell,Urlin,turlin1q@pcworld.com,Male,97.81.81.109
64,Selig,Tyhurst,styhurst1r@google.com.au,Male,123.157.44.20
65,Tedi,Sprouls,tsprouls1s@uol.com.br,Polygender,18.122.91.244
66,Gavra,Wardel,gwardel1t@godaddy.com,Female,97.86.133.30
67,Faustine,Hatter,fhatter1u@nyu.edu,Female,163.178.210.49
68,Mersey,Jurs,mjurs1v@newsvine.com,Female,224.39.211.152
69,Rana,Jepps,rjepps1w@xing.com,Female,235.147.246.249
70,Scarface,Chedzoy,schedzoy1x@comcast.net,Male,3.140.92.103
71,Janetta,Cossum,jcossum1y@list-manage.com,Female,239.182.18.128
72,Ernestus,Pendergast,ependergast1z@go.com,Male,53.18.78.133
73,Lionel,Portsmouth,lportsmouth20@unesco.org,Male,106.138.236.129
74,Barnaby,Pavese,bpavese21@bravesites.com,Male,6.96.66.166
75,Nelle,Gorry,ngorry22@cargocollective.com,Female,12.0.74.104
76,Farley,Roskeilly,froskeilly23@eepurl.com,Male,100.169.151.224
77,Chaim,Place,cplace24@sakura.ne.jp,Male,101.63.215.83
78,Lon,Spraggs,lspraggs25@wordpress.com,Male,250.105.62.68
79,Rich,Bollum,rbollum26@devhub.com,Male,143.210.250.37
80,Huey,Barz,hbarz27@cmu.edu,Male,78.245.168.189
81,Bridgette,Gonsalvo,bgonsalvo28@latimes.com,Female,247.155.238.215
82,Selle,Berks,sberks29@telegraph.co.uk,Non-binary,108.23.224.38
83,Hollis,Dartan,hdartan2a@squarespace.com,Male,136.185.75.111
84,Bentlee,Stranks,bstranks2b@etsy.com,Male,101.204.173.175
85,Leonardo,Kesterton,lkesterton2c@mediafire.com,Non-binary,61.23.230.63
86,Robert,McClements,rmcclements2d@bloglines.com,Male,32.96.198.240
87,Sherwynd,Shakesby,sshakesby2e@census.gov,Male,20.66.3.94
88,Cori,Benninck,cbenninck2f@ehow.com,Male,218.88.38.198
89,Kylie,Hamnett,khamnett2g@mac.com,Female,124.149.28.183
90,Anselm,Hissett,ahissett2h@google.co.jp,Male,1.155.147.132
91,Micah,Phillins,mphillins2i@free.fr,Male,3.95.246.228
92,Blinni,Strete,bstrete2j@amazon.co.jp,Female,178.235.195.182
93,Codi,Garken,cgarken2k@yandex.ru,Female,236.208.227.1
94,Kristen,Chipman,kchipman2l@dailymotion.com,Female,120.148.199.211
95,Janka,Haliburton,jhaliburton2m@spotify.com,Female,188.73.58.237
96,Rayshell,Mabley,rmabley2n@archive.org,Female,23.161.50.221
97,Karim,Bools,kbools2o@geocities.jp,Male,60.79.194.251
98,Nilson,Pregal,npregal2p@1688.com,Male,25.15.176.75
99,Marwin,Gullivent,mgullivent2q@mit.edu,Male,158.212.231.204
100,Warden,Iltchev,wiltchev2r@1und1.de,Male,14.19.249.57
101,Steffane,Benech,sbenech2s@prlog.org,Female,24.151.100.178
102,Evelyn,Somerled,esomerled2t@is.gd,Male,136.252.249.49
103,Lesli,Horribine,lhorribine2u@amazon.de,Female,176.211.227.174
104,Krystyna,Edland,kedland2v@barnesandnoble.com,Female,110.106.253.47
105,Elga,Haacker,ehaacker2w@jalbum.net,Female,63.41.46.114
106,Sallie,McGorman,smcgorman2x@un.org,Female,157.211.31.122
107,Dynah,Avis,davis2y@nationalgeographic.com,Female,212.24.57.219
108,Adelaida,Records,arecords2z@yahoo.co.jp,Polygender,158.163.177.124
109,Kippy,Bigby,kbigby30@pagesperso-orange.fr,Male,38.227.233.86
110,Stoddard,Lescop,slescop31@linkedin.com,Female,0.166.69.6
111,Peggi,Mantha,pmantha32@mediafire.com,Female,121.157.60.33
112,Neely,Grimsdyke,ngrimsdyke33@yellowbook.com,Female,97.83.219.28
113,Ursuline,Imeson,uimeson34@addtoany.com,Polygender,74.198.230.40
114,Palmer,Woolnough,pwoolnough35@ow.ly,Male,111.32.57.233
115,Lolly,Wilce,lwilce36@columbia.edu,Female,65.124.117.212
116,Shandra,Jellybrand,sjellybrand37@thetimes.co.uk,Female,100.183.1.44
117,Ashlan,Brimmicombe,abrimmicombe38@csmonitor.com,Female,252.243.41.79
118,Loni,Joynson,ljoynson39@hud.gov,Female,199.55.168.158
119,Mireille,Hyams,mhyams3a@fastcompany.com,Female,78.20.73.25
120,Karee,Giacomasso,kgiacomasso3b@harvard.edu,Female,147.157.210.34
121,Mariann,Hitter,mhitter3c@aol.com,Female,9.4.25.113
122,Rriocard,Manktelow,rmanktelow3d@illinois.edu,Male,213.105.144.86
123,Noah,Chetwin,nchetwin3e@drupal.org,Male,227.220.247.93
124,Sonja,Marston,smarston3f@merriam-webster.com,Female,115.222.6.144
125,Aguistin,Keefe,akeefe3g@taobao.com,Male,101.55.250.230
126,Daveen,Kettles,dkettles3h@berkeley.edu,Non-binary,136.164.87.81
127,Kaleb,Sherborn,ksherborn3i@cnn.com,Agender,62.85.250.138
128,Betteanne,Pagnin,bpagnin3j@facebook.com,Female,67.97.83.30
129,Car,Gainor,cgainor3k@upenn.edu,Male,204.199.178.208
130,Oates,Harrop,oharrop3l@51.la,Male,112.109.77.232
131,Pascale,Broxap,pbroxap3m@yelp.com,Male,134.16.235.105
132,Edgard,Wildin,ewildin3n@csmonitor.com,Male,155.6.18.52
133,Antonio,Martinovic,amartinovic3o@cmu.edu,Male,195.28.173.239
134,Gerald,Shimwall,gshimwall3p@bing.com,Male,170.10.208.240
135,Daffie,Jarvis,djarvis3q@soundcloud.com,Female,159.185.140.251
136,Tremaine,Leger,tleger3r@jigsy.com,Male,13.122.236.228
137,Raviv,McGirr,rmcgirr3s@nsw.gov.au,Non-binary,42.238.188.134
138,Yuma,Paroni,yparoni3t@biblegateway.com,Male,112.167.121.224
139,Dimitry,Vevers,dvevers3u@about.com,Non-binary,110.201.80.231
140,Euell,Basek,ebasek3v@cdc.gov,Male,111.143.192.102
141,Lettie,Swetman,lswetman3w@ucoz.ru,Female,31.116.194.44
142,Bart,Clayhill,bclayhill3x@weibo.com,Male,80.70.89.141
143,Killy,Ege,kege3y@php.net,Male,37.118.185.242
144,Lu,Rookeby,lrookeby3z@jalbum.net,Female,132.187.150.69
145,Waneta,Dizlie,wdizlie40@nasa.gov,Female,216.185.109.220
146,Jillian,Mount,jmount41@ucsd.edu,Female,165.148.178.194
147,Myrvyn,Hawsby,mhawsby42@chron.com,Male,14.47.171.44
148,Guss,Pulhoster,gpulhoster43@google.de,Male,241.136.143.187
149,Jilli,Lynn,jlynn44@1und1.de,Female,151.238.11.12
150,Cody,Welds,cwelds45@redcross.org,Female,205.47.70.26
151,Richy,Tumayan,rtumayan46@live.com,Male,214.156.134.214
152,Rudy,Niezen,rniezen47@netscape.com,Male,24.176.107.121
153,Morgan,Fane,mfane48@boston.com,Female,164.115.190.246
154,Ray,Clyma,rclyma49@ameblo.jp,Male,235.249.112.10
155,Dinnie,Iveagh,diveagh4a@redcross.org,Female,126.145.243.16
156,Quinta,Lghan,qlghan4b@livejournal.com,Female,27.94.107.34
157,Sully,Stailey,sstailey4c@craigslist.org,Male,152.52.192.169
158,Perrine,Romera,promera4d@adobe.com,Female,142.186.235.105
159,Levin,McCorkell,lmccorkell4e@ftc.gov,Male,167.220.168.89
160,Reeta,Brenton,rbrenton4f@plala.or.jp,Female,31.247.46.105
161,Franny,Bere,fbere4g@kickstarter.com,Female,127.93.118.122
162,Benita,Ragsdale,bragsdale4h@reuters.com,Female,0.36.228.21
163,Shaine,Reignolds,sreignolds4i@google.cn,Female,76.159.53.191
164,Ian,Lebrun,ilebrun4j@bloglines.com,Male,100.188.232.150
165,Herschel,Sandal,hsandal4k@ed.gov,Male,36.228.52.140
166,Rebe,Constant,rconstant4l@loc.gov,Female,86.130.216.58
167,Lynn,Raistrick,lraistrick4m@flickr.com,Female,218.113.191.134
168,Janean,Bellocht,jbellocht4n@wordpress.com,Female,222.231.212.115
169,Fabien,Cornillot,fcornillot4o@indiatimes.com,Male,254.220.70.203
170,Gabrila,Verdon,gverdon4p@prlog.org,Female,9.65.43.96
171,Ryan,Hyndson,rhyndson4q@msu.edu,Male,118.116.189.23
172,Sayer,Overington,soverington4r@sphinn.com,Male,47.204.236.142
173,Bart,Kayzer,bkayzer4s@spiegel.de,Male,58.164.141.205
174,Nicola,Bunner,nbunner4t@theglobeandmail.com,Female,190.47.4.100
175,Wolfie,Karolyi,wkarolyi4u@wiley.com,Male,36.232.118.231
176,Reidar,Edinburgh,redinburgh4v@noaa.gov,Male,211.217.231.151
177,Lynne,Grigoletti,lgrigoletti4w@alexa.com,Female,165.240.254.211
178,Sol,Mawditt,smawditt4x@privacy.gov.au,Male,193.48.220.121
179,Forster,Bawden,fbawden4y@irs.gov,Male,21.138.170.20
180,Abeu,Beccles,abeccles4z@tiny.cc,Male,139.117.179.253
181,Gavin,Shepheard,gshepheard50@biglobe.ne.jp,Male,26.173.189.220
182,Lewiss,Tuny,ltuny51@reuters.com,Male,166.81.120.44
183,Hadria,Renachowski,hrenachowski52@google.nl,Agender,246.125.141.178
184,Amble,Mathieson,amathieson53@taobao.com,Male,69.58.19.11
185,Drusy,Sygroves,dsygroves54@hatena.ne.jp,Genderqueer,17.48.225.243
186,Justina,Leet,jleet55@wikimedia.org,Female,241.233.115.111
187,Risa,Klosges,rklosges56@hugedomains.com,Female,19.224.120.60
188,Christopher,Redgrove,credgrove57@illinois.edu,Male,218.136.102.135
189,Kimbra,Nisius,knisius58@illinois.edu,Female,127.246.237.203
190,Emlyn,Sarre,esarre59@marketwatch.com,Male,45.141.49.20
191,Marius,Micallef,mmicallef5a@aboutads.info,Agender,111.32.104.236
192,Barny,Sanham,bsanham5b@pen.io,Male,225.255.217.225
193,Kelsi,Pragnell,kpragnell5c@t.co,Female,15.2.241.142
194,Glen,Monday,gmonday5d@si.edu,Female,251.106.151.60
195,Alexandra,Crouch,acrouch5e@github.io,Non-binary,143.63.136.107
196,Rock,Dawidsohn,rdawidsohn5f@kickstarter.com,Male,140.215.130.235
197,Libby,Kellen,lkellen5g@umich.edu,Polygender,179.149.131.211
198,Jodie,Barsam,jbarsam5h@woothemes.com,Female,195.5.245.67
199,Robinson,Axelby,raxelby5i@scientificamerican.com,Agender,133.11.212.107
200,Jory,Deddum,jdeddum5j@behance.net,Agender,60.89.224.91
201,Amalita,Strang,astrang5k@bing.com,Genderfluid,45.197.126.148
202,Gnni,Gorsse,ggorsse5l@mayoclinic.com,Genderfluid,110.229.63.174
203,Abba,Balstone,abalstone5m@networkadvertising.org,Male,119.26.13.141
204,Andee,Mityushin,amityushin5n@miibeian.gov.cn,Female,76.141.148.182
205,Erny,Cicchitello,ecicchitello5o@goodreads.com,Male,77.103.82.52
206,Norris,O'Curneen,nocurneen5p@4shared.com,Male,67.69.128.55
207,Nickolai,Fussie,nfussie5q@goodreads.com,Male,96.254.126.168
208,Ramonda,Gheorghescu,rgheorghescu5r@hp.com,Female,124.180.6.92
209,Inglis,Peteri,ipeteri5s@cam.ac.uk,Male,80.60.85.93
210,Ezequiel,Pilling,epilling5t@deviantart.com,Male,232.74.3.172
211,Sophronia,Zollner,szollner5u@imdb.com,Female,162.13.10.109
212,Sansone,Domenget,sdomenget5v@google.pl,Male,52.6.21.92
213,Elysha,Todarello,etodarello5w@gravatar.com,Female,197.1.204.148
214,Karena,Bayston,kbayston5x@w3.org,Female,233.105.55.26
215,Kip,McArdell,kmcardell5y@amazon.com,Genderfluid,222.242.181.123
216,Gardy,Wainscot,gwainscot5z@desdev.cn,Male,117.163.86.69
217,Phineas,Renzullo,prenzullo60@gov.uk,Male,174.134.193.96
218,Thadeus,Geeve,tgeeve61@archive.org,Male,111.252.154.87
219,Lynna,Massen,lmassen62@woothemes.com,Female,171.190.42.102
220,Aloin,Felmingham,afelmingham63@mayoclinic.com,Male,251.139.209.254
221,Jessee,Cuttell,jcuttell64@japanpost.jp,Male,44.174.122.205
222,Manuel,Sweetenham,msweetenham65@qq.com,Polygender,73.243.230.53
223,Roberto,Daines,rdaines66@wordpress.com,Male,101.42.155.166
224,Gaelan,Deelay,gdeelay67@uol.com.br,Male,211.200.124.185
225,Maisie,Costerd,mcosterd68@washington.edu,Female,30.163.55.80
226,Julie,Cosley,jcosley69@newyorker.com,Female,225.176.233.169
227,Selby,Conroy,sconroy6a@squidoo.com,Male,230.252.125.242
228,Verney,Brimilcombe,vbrimilcombe6b@sakura.ne.jp,Male,253.122.70.167
229,Mariana,von Hagt,mvonhagt6c@independent.co.uk,Female,38.32.39.38
230,Adair,Gosart,agosart6d@latimes.com,Male,28.100.75.177
231,Alano,Tallis,atallis6e@livejournal.com,Male,203.163.86.190
232,Huntley,Dehmel,hdehmel6f@bbc.co.uk,Male,18.226.238.116
233,Margery,Pedrazzi,mpedrazzi6g@admin.ch,Bigender,17.175.60.63
234,Rafaello,Lauridsen,rlauridsen6h@wikia.com,Male,105.45.132.21
235,Nicholle,Pickworth,npickworth6i@usatoday.com,Genderfluid,168.153.221.119
236,Roman,Vasyutin,rvasyutin6j@tiny.cc,Male,190.1.235.147
237,Gannie,Tunaclift,gtunaclift6k@tripod.com,Male,129.239.153.52
238,Blane,Jindracek,bjindracek6l@ft.com,Male,227.67.94.120
239,Paxton,Garces,pgarces6m@twitpic.com,Male,194.36.8.46
240,Christabella,Maffia,cmaffia6n@wufoo.com,Genderqueer,68.216.252.85
241,Nichole,Knapman,nknapman6o@ted.com,Female,122.228.69.244
242,Mikel,Keysel,mkeysel6p@businesswire.com,Male,169.79.111.60
243,Selina,Glasson,sglasson6q@mit.edu,Female,128.200.197.219
244,Hurley,Kemer,hkemer6r@jigsy.com,Male,14.188.91.202
245,Zacharia,Gottelier,zgottelier6s@gnu.org,Male,10.33.73.211
246,Isidro,Brawley,ibrawley6t@pbs.org,Male,220.193.23.195
247,Lethia,Elster,lelster6u@netvibes.com,Female,220.180.9.225
248,Don,Swalowe,dswalowe6v@reverbnation.com,Male,162.164.177.162
249,Moira,Kipping,mkipping6w@alibaba.com,Female,49.157.96.14
250,Ara,O' Clovan,aoclovan6x@tripadvisor.com,Male,131.80.60.213
251,Margery,Parlett,mparlett6y@creativecommons.org,Polygender,133.155.20.30
252,Tania,Wardhaugh,twardhaugh6z@usda.gov,Female,127.91.252.132
253,Vina,Cowerd,vcowerd70@mac.com,Female,157.12.251.59
254,Florian,Pourvoieur,fpourvoieur71@upenn.edu,Male,101.7.166.99
255,Frederigo,MacCollom,fmaccollom72@trellian.com,Male,8.39.10.89
256,Kory,Waldie,kwaldie73@friendfeed.com,Male,240.226.169.128
257,Nickola,Wyllis,nwyllis74@shareasale.com,Male,20.200.71.165
258,Myrna,Rentz,mrentz75@posterous.com,Female,209.107.126.189
259,Reuben,Deveral,rdeveral76@earthlink.net,Male,138.132.88.72
260,Stepha,Tacker,stacker77@netlog.com,Female,202.85.82.199
261,Shani,Hampshaw,shampshaw78@harvard.edu,Female,172.235.2.92
262,Shadow,Brinkler,sbrinkler79@kickstarter.com,Male,195.59.203.0
263,Darcy,Quickenden,dquickenden7a@cbsnews.com,Male,250.186.206.148
264,Ernesto,Lockton,elockton7b@uiuc.edu,Male,216.129.220.108
265,Koral,Hedderly,khedderly7c@technorati.com,Female,222.35.9.15
266,Base,Skill,bskill7d@smugmug.com,Male,130.30.239.222
267,Ruy,Crick,rcrick7e@weebly.com,Male,35.153.216.210
268,Gill,Deval,gdeval7f@apache.org,Male,134.219.123.29
269,Andris,Dmych,admych7g@xing.com,Male,78.191.94.73
270,Jordana,Hocking,jhocking7h@jiathis.com,Female,46.219.158.86
271,Ariel,Dowsing,adowsing7i@cbsnews.com,Male,63.2.14.197
272,Selinda,Gainseford,sgainseford7j@biglobe.ne.jp,Female,158.75.109.162
273,Myca,Benedikt,mbenedikt7k@foxnews.com,Polygender,38.118.93.3
274,Sadella,Leve,sleve7l@imgur.com,Female,109.20.232.86
275,Janek,Oleszkiewicz,joleszkiewicz7m@flickr.com,Male,163.78.115.103
276,Lesley,Barbour,lbarbour7n@elpais.com,Male,76.197.145.203
277,Murdoch,Cazalet,mcazalet7o@ucoz.com,Male,144.134.237.20
278,Stafani,Peckett,speckett7p@smh.com.au,Female,34.67.82.34
279,Hertha,Vanstone,hvanstone7q@vimeo.com,Female,63.99.149.119
280,Anstice,Fleetwood,afleetwood7r@netvibes.com,Female,230.222.12.171
281,Anthony,Nias,anias7s@discovery.com,Male,202.150.98.68
282,Penni,Hudleston,phudleston7t@harvard.edu,Female,234.194.150.6
283,Ruy,Chrispin,rchrispin7u@theglobeandmail.com,Male,177.52.210.140
284,Maure,Lowten,mlowten7v@icq.com,Female,16.220.21.156
285,Noby,Lassetter,nlassetter7w@tmall.com,Male,142.100.103.85
286,Heath,Scollick,hscollick7x@microsoft.com,Female,130.50.119.117
287,Oswald,Ollivierre,oollivierre7y@epa.gov,Bigender,28.185.130.76
288,Yankee,Jost,yjost7z@mapy.cz,Male,159.54.233.24
289,Bobette,Wadge,bwadge80@yandex.ru,Female,11.218.133.210
290,Ulises,Duxbury,uduxbury81@1688.com,Male,222.203.248.241
291,Lonna,Rosso,lrosso82@bravesites.com,Female,9.219.158.108
292,Maximilian,Kesby,mkesby83@washington.edu,Male,217.218.46.81
293,Osborn,Fawltey,ofawltey84@linkedin.com,Male,10.165.227.142
294,Maitilde,Orrum,morrum85@cpanel.net,Genderqueer,221.58.255.112
295,Deanna,Kunat,dkunat86@typepad.com,Female,114.45.58.129
296,Nap,Marton,nmarton87@hibu.com,Male,124.104.192.3
297,Vinnie,Trays,vtrays88@nih.gov,Female,111.155.69.205
298,Nalani,Tremmil,ntremmil89@cbc.ca,Female,207.243.103.182
299,Ulrica,Nesbit,unesbit8a@list-manage.com,Female,30.234.153.198
300,Nancey,Mille,nmille8b@flickr.com,Female,95.249.73.166
301,Florentia,Trayton,ftrayton8c@narod.ru,Female,98.179.204.65
302,Ulysses,Willsmore,uwillsmore8d@bandcamp.com,Male,128.51.193.118
303,Margy,Tinwell,mtinwell8e@geocities.jp,Female,26.109.171.150
304,Welbie,Janjic,wjanjic8f@hatena.ne.jp,Non-binary,3.7.88.234
305,Cayla,O'Curneen,cocurneen8g@constantcontact.com,Female,179.244.184.35
306,Marga,Picknett,mpicknett8h@redcross.org,Female,26.33.75.83
307,Brad,Robison,brobison8i@github.com,Male,217.188.19.38
308,Troy,Steljes,tsteljes8j@cbslocal.com,Genderfluid,33.239.62.54
309,Marc,Mcwhinnie,mmcwhinnie8k@naver.com,Male,38.157.128.214
310,Gherardo,Gillian,ggillian8l@harvard.edu,Male,46.22.186.240
311,Arlina,Welsh,awelsh8m@ifeng.com,Female,153.227.38.13
312,Ddene,Skipper,dskipper8n@zdnet.com,Female,212.82.5.74
313,Dickie,Penny,dpenny8o@wired.com,Male,230.16.222.233
314,Henriette,Clail,hclail8p@printfriendly.com,Female,60.143.204.160
315,Farleigh,Gannan,fgannan8q@cbslocal.com,Male,214.42.95.18
316,Edouard,Decker,edecker8r@cbc.ca,Male,131.42.231.211
317,Antone,Emblem,aemblem8s@goo.ne.jp,Male,207.36.79.93
318,Siegfried,Pauletti,spauletti8t@google.com.br,Male,234.148.104.83
319,Beniamino,Maylin,bmaylin8u@flavors.me,Male,162.121.198.194
320,Mary,Shilton,mshilton8v@bluehost.com,Non-binary,105.207.98.147
321,Deena,Klousner,dklousner8w@cdbaby.com,Female,212.30.119.82
322,Iorgos,Lisciandri,ilisciandri8x@wix.com,Male,37.97.251.78
323,Maris,McGuiney,mmcguiney8y@answers.com,Female,50.104.231.196
324,Quinta,Trencher,qtrencher8z@webmd.com,Female,47.20.56.89
325,Codie,Warton,cwarton90@soundcloud.com,Male,227.186.178.188
326,Wittie,Hobgen,whobgen91@zimbio.com,Male,240.233.43.21
327,Bartel,Brattell,bbrattell92@independent.co.uk,Male,72.94.101.102
328,Briant,Widdison,bwiddison93@un.org,Male,230.110.34.118
329,Salomi,Prys,sprys94@nba.com,Bigender,40.109.108.75
330,Karisa,Ferroni,kferroni95@java.com,Bigender,174.149.217.61
331,Kristopher,Grouvel,kgrouvel96@bloglovin.com,Male,128.21.50.39
332,Lona,Muress,lmuress97@webmd.com,Polygender,62.32.11.199
333,Maighdiln,Holton,mholton98@baidu.com,Female,16.106.45.70
334,Sarina,Priddey,spriddey99@google.it,Female,224.245.146.166
335,Isabella,Accum,iaccum9a@cnet.com,Female,18.41.69.208
336,Clyve,Tythe,ctythe9b@mozilla.com,Male,198.211.53.215
337,Kirsti,Ibeson,kibeson9c@ustream.tv,Female,74.204.34.250
338,Milty,Sinderland,msinderland9d@fastcompany.com,Male,161.220.245.41
339,Ruddy,Peggs,rpeggs9e@economist.com,Male,71.209.219.103
340,Rebeka,Ruddy,rruddy9f@facebook.com,Female,86.15.242.150
341,Dina,Chiechio,dchiechio9g@delicious.com,Female,45.22.209.53
342,Mignon,Cowup,mcowup9h@google.co.jp,Genderfluid,248.16.69.223
343,Barr,Stonham,bstonham9i@jalbum.net,Male,62.47.62.155
344,Kayne,Clabburn,kclabburn9j@nps.gov,Male,10.205.7.130
345,Nadine,Hillum,nhillum9k@netlog.com,Female,225.142.114.24
346,Wilden,Ottiwill,wottiwill9l@uol.com.br,Male,122.151.119.15
347,Fianna,Peckett,fpeckett9m@unesco.org,Female,47.222.114.19
348,Erich,Jeffery,ejeffery9n@shop-pro.jp,Male,106.223.95.186
349,Noll,Anscombe,nanscombe9o@hp.com,Male,123.14.70.148
350,Lillian,Itzcak,litzcak9p@goodreads.com,Female,152.123.69.182
351,Tomas,Jacqueminot,tjacqueminot9q@friendfeed.com,Male,35.69.206.89
352,Donny,Beglin,dbeglin9r@ezinearticles.com,Bigender,165.228.141.108
353,Winny,Bellany,wbellany9s@oaic.gov.au,Male,157.8.74.221
354,Fabiano,Roe,froe9t@bloglines.com,Male,146.193.154.114
355,Feliza,Aizkovitch,faizkovitch9u@mail.ru,Female,109.33.123.43
356,Helene,Gladeche,hgladeche9v@independent.co.uk,Female,95.240.117.154
357,Maje,Piggott,mpiggott9w@google.com,Male,220.28.57.158
358,Nan,Cranshaw,ncranshaw9x@cbslocal.com,Female,239.1.24.138
359,Barney,Surridge,bsurridge9y@time.com,Male,68.222.19.173
360,Rem,Djekic,rdjekic9z@arizona.edu,Male,138.105.86.40
361,Em,Whistan,ewhistana0@wikispaces.com,Male,101.228.188.71
362,Anson,Connechie,aconnechiea1@shutterfly.com,Male,198.22.34.44
363,Gabi,Sutterby,gsutterbya2@skype.com,Female,82.184.175.47
364,Carley,Janca,cjancaa3@marketwatch.com,Female,15.184.102.175
365,Rodolfo,Michallat,rmichallata4@usatoday.com,Male,183.133.0.232
366,Randene,McCarty,rmccartya5@zimbio.com,Female,62.209.199.213
367,Melisandra,Sircomb,msircomba6@paypal.com,Female,194.94.118.40
368,Goddard,Philot,gphilota7@1und1.de,Male,15.71.72.235
369,Odelle,Hill,ohilla8@fastcompany.com,Female,90.90.3.114
370,Myer,Willoughby,mwilloughbya9@buzzfeed.com,Male,47.207.44.102
371,Maxi,Darycott,mdarycottaa@plala.or.jp,Female,225.112.186.47
372,Zach,Raulston,zraulstonab@cocolog-nifty.com,Male,208.255.119.76
373,Louie,Pentony,lpentonyac@wordpress.org,Male,87.204.33.124
374,Sadye,Bearward,sbearwardad@networksolutions.com,Female,210.197.173.179
375,Burke,Trelevan,btrelevanae@marriott.com,Male,82.81.219.195
376,Barri,Malek,bmalekaf@youtube.com,Male,31.226.12.29
377,Aguie,Craighill,acraighillag@google.pl,Male,83.113.166.39
378,Demeter,Parnell,dparnellah@amazon.co.jp,Bigender,117.155.99.126
379,Hunfredo,Worral,hworralai@blogger.com,Male,218.174.178.15
380,Andre,Turvey,aturveyaj@altervista.org,Male,98.130.141.84
381,Sansone,Raselles,srasellesak@wsj.com,Male,123.94.194.7
382,Cissy,Pietzke,cpietzkeal@chronoengine.com,Female,33.166.220.252
383,Devi,Adrianello,dadrianelloam@harvard.edu,Bigender,206.150.200.97
384,Rodie,McTeer,rmcteeran@hexun.com,Female,72.152.239.216
385,Codi,Iddon,ciddonao@booking.com,Genderqueer,173.230.170.7
386,Chastity,Rockall,crockallap@cbc.ca,Female,231.12.228.72
387,Denny,Sprott,dsprottaq@google.de,Male,97.154.175.23
388,Brucie,Webberley,bwebberleyar@hatena.ne.jp,Male,163.127.83.209
389,Isabel,Crolly,icrollyas@europa.eu,Female,206.203.251.109
390,Kirby,Hogbin,khogbinat@shinystat.com,Male,187.193.46.243
391,Libby,Coleridge,lcoleridgeau@freewebs.com,Female,72.234.229.221
392,Zandra,Sotheby,zsothebyav@pen.io,Polygender,54.176.209.206
393,Clarice,Hoggin,chogginaw@privacy.gov.au,Female,179.130.136.23
394,Thom,Kuschke,tkuschkeax@accuweather.com,Male,99.153.247.245
395,Merrill,Duffit,mduffitay@purevolume.com,Female,112.186.46.173
396,Leeann,Kane,lkaneaz@si.edu,Female,17.115.111.131
397,Eugen,Pincked,epinckedb0@noaa.gov,Male,100.207.155.109
398,Mikol,Bootland,mbootlandb1@symantec.com,Male,203.158.136.5
399,Trista,McCudden,tmccuddenb2@bing.com,Female,43.24.216.151
400,Dallon,Bramont,dbramontb3@free.fr,Male,197.150.22.73
401,Rochelle,Crossan,rcrossanb4@blogspot.com,Female,46.45.122.0
402,Judas,Romaine,jromaineb5@themeforest.net,Male,246.166.121.150
403,Skelly,Chavey,schaveyb6@deviantart.com,Male,193.204.112.10
404,Kayley,Batiste,kbatisteb7@webnode.com,Female,32.31.245.105
405,Coralyn,Baroux,cbarouxb8@elegantthemes.com,Non-binary,37.110.230.121
406,Mathew,Rowland,mrowlandb9@bing.com,Male,209.21.68.139
407,Pierette,Heikkinen,pheikkinenba@seattletimes.com,Female,215.252.67.206
408,Gradeigh,Redmile,gredmilebb@psu.edu,Male,151.103.107.18
409,Ethelbert,Simes,esimesbc@reverbnation.com,Male,127.239.24.82
410,Chantalle,Eschelle,ceschellebd@answers.com,Female,32.156.215.170
411,Beniamino,Turbefield,bturbefieldbe@newsvine.com,Male,233.16.106.105
412,Pearline,Sharman,psharmanbf@pen.io,Female,232.81.250.186
413,Netta,Worthing,nworthingbg@abc.net.au,Female,234.248.203.18
414,Ervin,Riseam,eriseambh@example.com,Male,108.144.130.198
415,Marcile,Zoppie,mzoppiebi@bloomberg.com,Female,87.186.143.193
416,Adolf,Kretschmer,akretschmerbj@wikimedia.org,Male,200.176.137.188
417,Valene,Twittey,vtwitteybk@squarespace.com,Female,151.144.147.143
418,Dill,Cullington,dcullingtonbl@cbc.ca,Male,172.219.189.108
419,Oneida,Paffitt,opaffittbm@newsvine.com,Female,190.181.124.81
420,Tomasina,Lavis,tlavisbn@g.co,Female,110.92.20.172
421,Stillmann,Evensden,sevensdenbo@networksolutions.com,Male,226.59.35.4
422,Camel,Faill,cfaillbp@irs.gov,Non-binary,175.230.178.48
423,Cosmo,Lukianovich,clukianovichbq@arstechnica.com,Male,99.35.49.74
424,Illa,Knotte,iknottebr@addthis.com,Female,168.246.129.172
425,Joyann,Mattedi,jmattedibs@marketwatch.com,Female,235.233.47.231
426,Mirelle,Loosely,mlooselybt@github.com,Female,42.120.120.17
427,Ram,McElrea,rmcelreabu@ft.com,Male,103.9.156.197
428,Ingeberg,Goulborne,igoulbornebv@technorati.com,Female,143.198.184.82
429,Philip,Tarpey,ptarpeybw@amazonaws.com,Male,161.83.17.92
430,Kiah,Handrek,khandrekbx@creativecommons.org,Female,236.139.21.45
431,Terry,Mcsarry,tmcsarryby@creativecommons.org,Female,93.103.147.4
432,Perren,Grassi,pgrassibz@ycombinator.com,Genderfluid,109.231.187.73
433,Helen-elizabeth,Fahrenbacher,hfahrenbacherc0@newsvine.com,Female,131.80.143.141
434,Heinrik,Bousler,hbouslerc1@pinterest.com,Male,87.97.70.105
435,Wyatt,Muckloe,wmuckloec2@clickbank.net,Male,126.226.148.129
436,Devy,Piggford,dpiggfordc3@bbb.org,Male,205.147.177.140
437,Marmaduke,Churchley,mchurchleyc4@oaic.gov.au,Male,238.69.173.95
438,Augusto,Kermath,akermathc5@cdbaby.com,Male,17.137.95.93
439,Joaquin,Martelet,jmarteletc6@over-blog.com,Male,232.132.240.205
440,Bevvy,Fideler,bfidelerc7@shop-pro.jp,Female,243.90.209.91
441,Tris,Darnbrough,tdarnbroughc8@cargocollective.com,Male,138.231.120.8
442,Sib,Mulvenna,smulvennac9@people.com.cn,Female,143.173.206.46
443,Olag,Farherty,ofarhertyca@reverbnation.com,Male,85.203.88.19
444,Aili,Havercroft,ahavercroftcb@sina.com.cn,Female,5.137.14.157
445,Josefina,Carlyle,jcarlylecc@cornell.edu,Female,208.146.159.31
446,Josey,Clines,jclinescd@privacy.gov.au,Female,178.117.37.16
447,Tonye,Darbyshire,tdarbyshirece@chicagotribune.com,Female,25.220.59.150
448,Eustacia,Seebert,eseebertcf@admin.ch,Female,7.123.211.182
449,Goldia,McClounan,gmcclounancg@toplist.cz,Female,227.204.153.199
450,Moyra,Starling,mstarlingch@mysql.com,Female,56.24.103.71
451,Lazar,Stuttman,lstuttmanci@parallels.com,Male,108.76.139.26
452,Ruperta,Whitelaw,rwhitelawcj@technorati.com,Female,188.134.205.6
453,Herculie,Kalisch,hkalischck@typepad.com,Bigender,142.170.117.213
454,Lezley,Hearnes,lhearnescl@bravesites.com,Male,184.93.119.161
455,Magda,Uebel,muebelcm@cafepress.com,Female,215.23.202.243
456,Florri,Showers,fshowerscn@mapquest.com,Female,139.135.186.117
457,Kingston,Itzhak,kitzhakco@state.gov,Male,72.255.213.97
458,Car,Eberlein,ceberleincp@reference.com,Male,144.93.228.21
459,Marylynne,Choupin,mchoupincq@etsy.com,Female,106.163.126.58
460,Allina,Wenderott,awenderottcr@adobe.com,Female,132.103.5.253
461,Engracia,Keeling,ekeelingcs@w3.org,Female,200.103.129.44
462,Hilda,Touret,htouretct@freewebs.com,Female,64.69.188.102
463,Faustine,Ockendon,fockendoncu@freewebs.com,Female,158.220.4.14
464,Odo,Maulden,omauldencv@indiatimes.com,Male,61.28.101.156
465,Ryon,Mcall,rmcallcw@nbcnews.com,Male,111.255.249.65
466,Abra,Cardiff,acardiffcx@xinhuanet.com,Female,75.187.34.201
467,Tobiah,Makiver,tmakivercy@amazonaws.com,Male,107.63.168.29
468,Ashlen,Gasson,agassoncz@gravatar.com,Genderqueer,187.30.103.45
469,Kizzie,Moye,kmoyed0@seesaa.net,Female,137.191.119.204
470,Kathy,Betancourt,kbetancourtd1@who.int,Female,183.150.7.158
471,Alisa,Wellbeloved,awellbelovedd2@cbc.ca,Female,43.32.229.194
472,Faunie,Beveridge,fbeveridged3@networksolutions.com,Female,108.142.248.84
473,Francisca,Raphael,fraphaeld4@purevolume.com,Female,42.184.208.1
474,Ewart,Parlor,eparlord5@nsw.gov.au,Male,200.128.78.161
475,Kalina,Pusey,kpuseyd6@mit.edu,Female,46.159.225.15
476,Courtney,Volkes,cvolkesd7@123-reg.co.uk,Female,86.221.45.46
477,Nana,Stuchburie,nstuchburied8@nature.com,Female,20.96.247.16
478,Huntlee,Lenz,hlenzd9@nps.gov,Male,96.143.221.158
479,Rozele,Plastow,rplastowda@bravesites.com,Female,9.30.230.117
480,Cherye,Gatus,cgatusdb@samsung.com,Female,186.169.44.144
481,Jeri,Rackley,jrackleydc@ycombinator.com,Female,19.57.102.16
482,Lissi,Sherrott,lsherrottdd@dion.ne.jp,Female,246.183.86.118
483,Ibbie,Quinlan,iquinlande@slideshare.net,Female,238.87.164.249
484,Ignaz,Askem,iaskemdf@timesonline.co.uk,Male,223.221.57.31
485,Kareem,McComish,kmccomishdg@eepurl.com,Male,255.183.123.81
486,Sherill,Corsar,scorsardh@goo.gl,Female,201.62.128.51
487,Karola,Stevani,kstevanidi@oakley.com,Female,246.128.175.8
488,Zerk,Bonick,zbonickdj@redcross.org,Male,9.145.52.93
489,Myrvyn,Shadfourth,mshadfourthdk@youku.com,Male,177.169.55.5
490,Lelah,Downes,ldownesdl@wiley.com,Female,29.154.155.61
491,Rena,Fulham,rfulhamdm@rambler.ru,Female,25.197.92.151
492,Laverna,Kerrigan,lkerrigandn@umn.edu,Female,152.126.231.147
493,Mala,De Giorgis,mdegiorgisdo@w3.org,Female,117.172.27.54
494,Arvie,Winnett,awinnettdp@shareasale.com,Male,188.56.114.81
495,Kissiah,Purver,kpurverdq@reverbnation.com,Female,41.98.117.202
496,Leese,Biskupski,lbiskupskidr@bluehost.com,Female,210.255.133.71
497,Andie,Hiley,ahileyds@alexa.com,Female,208.62.47.34
498,Beck,Stewartson,bstewartsondt@comcast.net,Male,103.221.158.145
499,Karolina,Lias,kliasdu@flickr.com,Agender,18.68.183.98
500,Teddie,Squibbes,tsquibbesdv@addtoany.com,Female,105.235.249.124
501,Sissie,Brockwell,sbrockwelldw@wikimedia.org,Female,204.175.135.24
502,Linoel,Mellmoth,lmellmothdx@google.ru,Male,122.34.184.199
503,Wynn,Streeter,wstreeterdy@salon.com,Female,133.44.162.176
504,Boony,Lewer,blewerdz@newsvine.com,Male,176.171.178.246
505,Kenon,Dell Casa,kdellcasae0@reddit.com,Male,95.168.224.164
506,Stefanie,Jendrys,sjendryse1@skype.com,Agender,151.5.26.226
507,Thornton,Gulberg,tgulberge2@123-reg.co.uk,Male,146.93.12.228
508,Reta,Manns,rmannse3@digg.com,Non-binary,97.65.221.46
509,Astrid,Paulot,apaulote4@youtube.com,Female,32.135.211.153
510,Teresa,Bantham,tbanthame5@china.com.cn,Female,243.242.222.99
511,Regina,Cholton,rcholtone6@auda.org.au,Female,85.113.224.115
512,Orelie,Lawerence,olawerencee7@smh.com.au,Female,15.123.177.48
513,Esdras,Crenshaw,ecrenshawe8@army.mil,Male,187.159.184.218
514,Kiel,Andreasen,kandreasene9@photobucket.com,Male,71.90.135.78
515,Georgeta,Dayley,gdayleyea@cam.ac.uk,Female,176.129.0.78
516,Arri,Rennicks,arennickseb@technorati.com,Male,102.94.146.195
517,Jaquenette,Salliere,jsalliereec@mlb.com,Female,12.113.214.13
518,Tynan,Gamlen,tgamlened@independent.co.uk,Male,192.83.160.231
519,Saul,Costigan,scostiganee@virginia.edu,Male,74.232.85.163
520,Peter,Crissil,pcrissilef@scribd.com,Male,139.246.135.13
521,Fairfax,Rusling,fruslingeg@taobao.com,Male,134.239.39.166
522,Antonetta,Gres,agreseh@ucoz.ru,Female,74.76.184.14
523,Stillmann,Linsay,slinsayei@whitehouse.gov,Male,219.242.131.129
524,Carmelle,Sarvar,csarvarej@hugedomains.com,Female,43.181.43.203
525,Cordula,Turl,cturlek@state.tx.us,Polygender,91.233.188.134
526,Genni,Manie,gmanieel@apache.org,Female,231.11.155.61
527,Sherill,Rosenfarb,srosenfarbem@unesco.org,Bigender,58.250.83.35
528,Guillaume,Haugh,ghaughen@rakuten.co.jp,Genderqueer,244.201.16.110
529,Nerty,Comerford,ncomerfordeo@europa.eu,Female,175.235.102.196
530,Romain,Giacobilio,rgiacobilioep@howstuffworks.com,Male,179.201.248.176
531,Aldus,Bison,abisoneq@loc.gov,Agender,223.76.248.55
532,Vevay,Pashba,vpashbaer@forbes.com,Female,142.177.140.215
533,Magda,Bowller,mbowlleres@canalblog.com,Female,155.183.210.147
534,Lydie,Dohrmann,ldohrmannet@uiuc.edu,Female,193.235.239.175
535,Juieta,Kelshaw,jkelshaweu@hexun.com,Female,96.60.254.182
536,Jesus,Edwardson,jedwardsonev@163.com,Male,158.7.207.160
537,Curtis,Normanvell,cnormanvellew@soundcloud.com,Male,84.73.140.58
538,Jeana,Brookshaw,jbrookshawex@wordpress.org,Female,15.99.106.179
539,Morty,Eloy,meloyey@godaddy.com,Male,0.237.145.214
540,Steve,Rennles,srennlesez@kickstarter.com,Male,175.249.158.171
541,Malinda,Lettsom,mlettsomf0@wikispaces.com,Female,27.234.177.28
542,Cassandra,Dolden,cdoldenf1@free.fr,Female,222.5.182.134
543,Neil,Meakin,nmeakinf2@bing.com,Genderqueer,208.65.222.36
544,Hyacinthe,Saffon,hsaffonf3@home.pl,Female,94.114.131.8
545,Marius,De Angelo,mdeangelof4@wiley.com,Male,8.122.219.59
546,Nappy,Conibear,nconibearf5@utexas.edu,Male,91.55.222.156
547,Enriqueta,Dellenbach,edellenbachf6@sina.com.cn,Female,110.15.220.226
548,Arty,Bourges,abourgesf7@flavors.me,Male,184.106.255.112
549,Honoria,Bentzen,hbentzenf8@dyndns.org,Female,39.122.83.110
550,Donal,Braidley,dbraidleyf9@google.ru,Male,215.8.122.3
551,Felicity,Atty,fattyfa@delicious.com,Female,112.182.243.113
552,Morley,Syrie,msyriefb@freewebs.com,Male,164.132.42.227
553,Cheryl,Von Der Empten,cvonderemptenfc@barnesandnoble.com,Female,221.57.127.159
554,Benedetto,Ravelus,bravelusfd@marriott.com,Male,200.120.64.10
555,Konstantin,Kobisch,kkobischfe@google.co.uk,Male,170.232.55.197
556,Madelina,Petraitis,mpetraitisff@t.co,Female,182.81.178.252
557,Kit,Gammel,kgammelfg@phpbb.com,Male,201.195.122.119
558,Bartholomeus,Louthe,blouthefh@slashdot.org,Male,87.162.162.78
559,Zack,Tuft,ztuftfi@epa.gov,Male,128.219.151.85
560,Michaeline,Rendbaek,mrendbaekfj@aboutads.info,Female,9.248.47.208
561,Edd,Trubshaw,etrubshawfk@telegraph.co.uk,Male,114.36.207.203
562,Bastian,Jozwik,bjozwikfl@skyrock.com,Male,182.201.25.59
563,Kath,Tommasi,ktommasifm@mayoclinic.com,Female,44.206.233.255
564,Adan,Sharple,asharplefn@senate.gov,Polygender,252.227.118.176
565,Cissy,O'Curran,cocurranfo@loc.gov,Female,96.47.106.213
566,Helga,Eefting,heeftingfp@ed.gov,Female,20.219.158.7
567,Casi,Hedges,chedgesfq@hexun.com,Female,162.63.173.115
568,Tish,Kinde,tkindefr@hhs.gov,Female,56.32.161.224
569,Starr,Bolingbroke,sbolingbrokefs@tamu.edu,Female,188.170.71.18
570,Erasmus,Peerless,epeerlessft@weibo.com,Genderfluid,229.163.174.240
571,Saunderson,Baser,sbaserfu@prnewswire.com,Male,224.39.207.187
572,Lurleen,Wildbore,lwildborefv@newsvine.com,Female,248.116.108.124
573,Caril,Cunde,ccundefw@canalblog.com,Female,196.124.89.17
574,Tamar,Ors,torsfx@forbes.com,Female,120.194.151.8
575,Bobby,Newcomen,bnewcomenfy@jugem.jp,Female,137.87.85.195
576,Raddie,Roland,rrolandfz@nydailynews.com,Male,167.24.251.140
577,Sophia,Coley,scoleyg0@eepurl.com,Female,142.231.57.231
578,Rhodia,Colbridge,rcolbridgeg1@irs.gov,Female,56.94.209.46
579,Durward,Halling,dhallingg2@google.co.uk,Male,113.24.92.181
580,Ericka,Starzaker,estarzakerg3@ning.com,Female,216.222.3.251
581,Nolana,O'Cannavan,nocannavang4@blogs.com,Female,64.47.1.125
582,Idalina,Ghest,ighestg5@ebay.com,Female,69.189.36.87
583,Petronella,Alastair,palastairg6@joomla.org,Female,98.98.44.223
584,Kareem,Pyer,kpyerg7@fda.gov,Male,165.114.110.126
585,Rica,Minall,rminallg8@europa.eu,Female,154.12.108.242
586,Bee,Hue,bhueg9@yahoo.co.jp,Female,97.41.25.221
587,Jobyna,Dickin,jdickinga@wikipedia.org,Female,0.176.117.104
588,Kienan,McCahey,kmccaheygb@youtube.com,Male,190.210.52.185
589,Boris,McNamara,bmcnamaragc@gizmodo.com,Male,163.1.214.231
590,Mirabella,Eskrigge,meskriggegd@theguardian.com,Female,79.224.191.134
591,Maxwell,Lesly,mleslyge@plala.or.jp,Male,239.20.75.211
592,Fitz,Tanguy,ftanguygf@bandcamp.com,Male,146.46.90.229
593,Dallon,Bromley,dbromleygg@weather.com,Male,239.240.108.49
594,Nikolos,Rookes,nrookesgh@uiuc.edu,Male,19.75.192.43
595,Othello,Monini,omoninigi@sciencedirect.com,Male,152.168.203.202
596,Viviyan,Devennie,vdevenniegj@sfgate.com,Female,230.167.96.43
597,Aldo,Bleesing,ableesinggk@mozilla.org,Male,244.102.244.155
598,Veradis,Tabord,vtabordgl@salon.com,Polygender,211.210.133.243
599,Siusan,Beckinsale,sbeckinsalegm@craigslist.org,Female,176.94.38.194
600,Bartholomeus,Dikles,bdiklesgn@i2i.jp,Male,112.16.170.70
601,Ddene,Mountjoy,dmountjoygo@imgur.com,Female,92.177.216.223
602,Shir,Saxon,ssaxongp@state.tx.us,Female,64.207.150.239
603,Rudyard,Bowne,rbownegq@msn.com,Male,118.126.121.12
604,Hart,Bome,hbomegr@blogspot.com,Male,100.111.55.68
605,Sissy,Lux,sluxgs@blogger.com,Female,204.145.51.49
606,Isidore,McKeady,imckeadygt@google.ca,Male,120.152.29.252
607,Fraser,Clewlowe,fclewlowegu@nifty.com,Male,43.120.199.94
608,Randal,Grindell,rgrindellgv@360.cn,Male,4.29.229.253
609,Pepi,Sindell,psindellgw@edublogs.org,Female,243.234.24.213
610,Aldin,Joule,ajoulegx@github.io,Male,217.69.232.26
611,Richie,Kopec,rkopecgy@360.cn,Male,91.39.67.164
612,Corabel,Summerton,csummertongz@delicious.com,Genderqueer,50.220.16.150
613,Nedi,Ollerhead,nollerheadh0@is.gd,Female,216.137.131.85
614,Vilma,Asprey,vaspreyh1@google.it,Female,206.110.250.211
615,Alidia,Sabattier,asabattierh2@webmd.com,Female,222.211.226.118
616,Thurston,Valde,tvaldeh3@de.vu,Male,155.43.151.136
617,Sibelle,Worboy,sworboyh4@tmall.com,Female,144.58.42.137
618,Shir,Ferroli,sferrolih5@furl.net,Female,92.94.154.64
619,Conway,Masson,cmassonh6@behance.net,Male,43.58.214.16
620,Dorothee,Kopecka,dkopeckah7@friendfeed.com,Female,234.236.45.96
621,Casey,Duffell,cduffellh8@friendfeed.com,Female,22.237.33.144
622,Auberon,Mancell,amancellh9@soup.io,Male,14.205.75.200
623,Mendel,Herche,mhercheha@wsj.com,Male,13.21.221.40
624,Ulises,Menlove,umenlovehb@ycombinator.com,Male,175.245.29.99
625,Emilio,Tonkin,etonkinhc@walmart.com,Male,1.167.64.173
626,Kristofer,Lighton,klightonhd@ebay.co.uk,Male,55.142.119.223
627,Chico,Storr,cstorrhe@storify.com,Male,131.248.133.200
628,Findlay,Tomkin,ftomkinhf@upenn.edu,Male,192.93.83.66
629,Rosie,Ashurst,rashursthg@w3.org,Female,254.71.57.77
630,Daune,Gravet,dgravethh@list-manage.com,Female,111.40.32.199
631,Muhammad,Mowsdell,mmowsdellhi@live.com,Male,209.4.38.173
632,Lewes,Clements,lclementshj@wisc.edu,Male,206.163.81.88
633,Delmore,Dudlestone,ddudlestonehk@multiply.com,Male,70.179.162.212
634,Annnora,Stevings,astevingshl@cloudflare.com,Female,215.61.204.13
635,Blinnie,Yankeev,byankeevhm@ycombinator.com,Female,85.61.49.231
636,Krystalle,Burwin,kburwinhn@oakley.com,Female,12.36.2.239
637,Bald,Ramalho,bramalhoho@cocolog-nifty.com,Bigender,16.44.3.138
638,Nappie,Milch,nmilchhp@slashdot.org,Male,84.3.133.170
639,Reese,Lamburn,rlamburnhq@cam.ac.uk,Male,92.88.216.138
640,Gilbertine,Welbourn,gwelbournhr@4shared.com,Female,98.139.117.230
641,Benjamin,Pretsel,bpretselhs@dyndns.org,Male,203.236.165.236
642,Calvin,Strong,cstronght@studiopress.com,Male,246.176.143.219
643,Livvyy,Brettoner,lbrettonerhu@xrea.com,Female,45.133.222.201
644,Padget,Filipchikov,pfilipchikovhv@springer.com,Male,87.13.10.135
645,Vin,Blacklidge,vblacklidgehw@cornell.edu,Male,100.158.87.121
646,Forrester,Cowling,fcowlinghx@theglobeandmail.com,Male,255.171.213.242
647,Bennett,McGinlay,bmcginlayhy@over-blog.com,Male,152.130.141.99
648,Dana,Veelers,dveelershz@plala.or.jp,Male,69.229.91.56
649,Ciro,Malby,cmalbyi0@amazonaws.com,Male,151.13.105.204
650,Catlin,Foden,cfodeni1@unesco.org,Female,217.48.255.130
651,Heath,Stellin,hstellini2@rediff.com,Male,235.127.235.90
652,Sanderson,Ruffli,srufflii3@is.gd,Male,171.105.22.50
653,Cammi,Halward,chalwardi4@csmonitor.com,Female,6.7.131.2
654,Nydia,Guise,nguisei5@goodreads.com,Female,194.219.125.8
655,Fritz,Jeandillou,fjeandilloui6@yale.edu,Genderqueer,4.31.43.179
656,Shalne,Taggart,staggarti7@lulu.com,Female,132.17.99.156
657,Gunar,Varian,gvariani8@microsoft.com,Male,159.144.45.146
658,Cosmo,Morch,cmorchi9@rambler.ru,Male,165.8.63.235
659,Kathrine,Bellhouse,kbellhouseia@admin.ch,Female,174.129.137.197
660,Dionysus,Adamiak,dadamiakib@fda.gov,Male,255.235.238.246
661,Noella,Martinuzzi,nmartinuzziic@drupal.org,Female,158.67.35.177
662,Barty,Bohje,bbohjeid@mapy.cz,Male,114.175.76.123
663,Anne-corinne,Casterou,acasterouie@sina.com.cn,Female,13.179.21.149
664,Griffy,Kilian,gkilianif@yolasite.com,Agender,99.177.64.210
665,Frans,Ropking,fropkingig@canalblog.com,Agender,112.75.127.21
666,Kane,Lade,kladeih@ustream.tv,Male,0.248.215.29
667,Letitia,Yoseloff,lyoseloffii@loc.gov,Female,246.227.247.120
668,Edie,McGaffey,emcgaffeyij@shutterfly.com,Female,171.154.110.199
669,Algernon,Drance,adranceik@purevolume.com,Agender,140.112.153.186
670,Matilda,Shera,msherail@adobe.com,Female,171.134.255.160
671,Melloney,Vobes,mvobesim@twitter.com,Female,239.99.224.147
672,Burton,Ioselev,bioselevin@pagesperso-orange.fr,Male,187.156.7.230
673,Stormi,Kusick,skusickio@mayoclinic.com,Female,170.103.194.48
674,Friedrich,Mowday,fmowdayip@geocities.jp,Male,56.203.229.104
675,Vinny,Raggatt,vraggattiq@bbc.co.uk,Female,38.87.145.139
676,Janene,Ivanisov,jivanisovir@pagesperso-orange.fr,Female,105.80.210.155
677,Tucker,Goose,tgooseis@timesonline.co.uk,Male,18.169.141.124
678,Isobel,Aseef,iaseefit@sphinn.com,Female,111.71.139.234
679,Lesley,Griffoen,lgriffoeniu@topsy.com,Male,190.142.176.124
680,Rebekkah,Bartholomieu,rbartholomieuiv@examiner.com,Female,65.43.151.66
681,Adrianne,Farrants,afarrantsiw@ebay.com,Female,113.186.171.82
682,Zonda,Waddilove,zwaddiloveix@prnewswire.com,Genderfluid,144.255.179.132
683,Archy,Pulsford,apulsfordiy@pinterest.com,Male,70.202.69.95
684,Blake,Bentz,bbentziz@nature.com,Male,39.15.56.57
685,Manya,Deluce,mdelucej0@ustream.tv,Genderfluid,231.252.36.31
686,Minna,Van der Merwe,mvandermerwej1@ucoz.ru,Female,3.227.237.83
687,Tory,Loftus,tloftusj2@techcrunch.com,Female,147.171.27.213
688,Gray,O'Scollee,goscolleej3@columbia.edu,Female,37.217.175.128
689,Coral,Jankin,cjankinj4@deviantart.com,Female,164.236.78.97
690,Gerrie,Ponton,gpontonj5@comsenz.com,Female,183.24.174.228
691,Marinna,Stevani,mstevanij6@cdc.gov,Female,149.158.184.178
692,Eustacia,Wornham,ewornhamj7@blogtalkradio.com,Female,175.105.128.77
693,Vivia,Rozec,vrozecj8@studiopress.com,Female,165.136.30.180
694,Almira,Goulborne,agoulbornej9@squarespace.com,Female,8.51.169.24
695,Bartram,Duddan,bduddanja@dailymotion.com,Male,182.194.58.70
696,Tamqrah,Gave,tgavejb@comcast.net,Female,47.79.52.86
697,Neddy,Lawden,nlawdenjc@foxnews.com,Male,131.254.9.157
698,Rosaline,Vanlint,rvanlintjd@purevolume.com,Female,95.83.48.183
699,Nicolas,Pinks,npinksje@seesaa.net,Male,120.40.59.167
700,Hollie,Donohue,hdonohuejf@fastcompany.com,Female,174.185.173.56
701,Charyl,Semon,csemonjg@artisteer.com,Female,147.118.235.230
702,Raul,Waadenburg,rwaadenburgjh@example.com,Male,138.226.3.172
703,Trixie,Griffin,tgriffinji@samsung.com,Female,184.20.132.7
704,Axe,Lafferty,alaffertyjj@symantec.com,Male,186.26.178.123
705,Townie,McRoberts,tmcrobertsjk@altervista.org,Male,249.96.104.123
706,Amery,Pieters,apietersjl@netscape.com,Male,126.187.211.220
707,Sheela,Cassey,scasseyjm@tripadvisor.com,Female,133.94.138.209
708,Veronique,Yewdale,vyewdalejn@discuz.net,Female,22.132.117.12
709,Jo-ann,Wales,jwalesjo@wikipedia.org,Female,216.26.217.51
710,Brooks,Henryson,bhenrysonjp@sitemeter.com,Female,177.129.10.98
711,Standford,Wormald,swormaldjq@facebook.com,Genderqueer,51.176.200.230
712,Cristen,Tottle,ctottlejr@dedecms.com,Female,173.22.196.64
713,Ketti,Bullas,kbullasjs@reference.com,Agender,232.15.87.14
714,Rriocard,Dearden,rdeardenjt@yellowpages.com,Male,9.229.93.155
715,Heidi,Danilovic,hdanilovicju@auda.org.au,Female,229.99.137.74
716,Rodolph,Houchen,rhouchenjv@examiner.com,Male,134.32.157.180
717,Gabie,Southby,gsouthbyjw@vkontakte.ru,Male,118.230.136.158
718,Artair,Coulthard,acoulthardjx@cbslocal.com,Male,199.57.147.68
719,Jolyn,Savary,jsavaryjy@mashable.com,Female,100.228.69.141
720,Celina,Burnet,cburnetjz@goodreads.com,Female,94.97.188.135
721,Mic,Drakard,mdrakardk0@moonfruit.com,Male,25.90.88.2
722,Carlo,Hazeldine,chazeldinek1@goo.gl,Male,112.216.129.248
723,Renee,Peres,rperesk2@guardian.co.uk,Female,62.12.196.247
724,Wilfred,Dmisek,wdmisekk3@salon.com,Male,207.75.7.165
725,Arleta,Blaschke,ablaschkek4@weather.com,Female,130.205.90.240
726,Elwood,Fortune,efortunek5@pbs.org,Male,255.209.225.37
727,Candice,Farrant,cfarrantk6@theglobeandmail.com,Female,116.18.94.233
728,Rollie,Durrand,rdurrandk7@unblog.fr,Male,2.16.170.144
729,Darrel,Hamlett,dhamlettk8@wired.com,Male,149.61.64.144
730,Raquela,Douthwaite,rdouthwaitek9@mapquest.com,Genderqueer,106.43.230.219
731,Bidget,Haggeth,bhaggethka@businessweek.com,Female,162.223.235.8
732,Rogers,McAdam,rmcadamkb@scientificamerican.com,Male,176.217.100.13
733,Willette,Heardman,wheardmankc@smugmug.com,Female,194.188.205.8
734,Corella,Powland,cpowlandkd@wunderground.com,Female,7.131.62.235
735,Cammi,Cranshaw,ccranshawke@latimes.com,Female,6.178.88.48
736,Antonietta,Gregorace,agregoracekf@mtv.com,Agender,251.135.80.128
737,Nevin,Darnbrough,ndarnbroughkg@opera.com,Male,33.174.16.65
738,Seka,Clemenza,sclemenzakh@webmd.com,Female,226.227.38.46
739,Evaleen,Cosins,ecosinski@patch.com,Female,27.160.150.54
740,Osbourn,Afonso,oafonsokj@github.com,Male,219.0.79.155
741,Lukas,Ing,lingkk@ft.com,Male,211.51.188.219
742,Henri,Gregol,hgregolkl@army.mil,Male,22.252.175.34
743,Faith,Grcic,fgrcickm@ameblo.jp,Female,3.17.211.64
744,Hadlee,Cristol,hcristolkn@examiner.com,Male,99.46.173.80
745,Karine,Burk,kburkko@netlog.com,Female,92.154.106.131
746,Geoff,Dorling,gdorlingkp@marketwatch.com,Non-binary,65.118.173.136
747,Eldredge,Flucker,efluckerkq@blinklist.com,Male,228.89.6.105
748,Saundra,Coyne,scoynekr@sun.com,Polygender,76.51.170.165
749,Mallorie,Siegertsz,msiegertszks@si.edu,Female,185.110.248.27
750,Inger,Jerzycowski,ijerzycowskikt@phoca.cz,Male,140.117.117.14
751,Spence,Giamuzzo,sgiamuzzoku@plala.or.jp,Male,106.113.17.191
752,Portia,Robrow,probrowkv@moonfruit.com,Female,170.75.104.231
753,Clarissa,Jeffcoate,cjeffcoatekw@constantcontact.com,Female,1.36.60.29
754,Lela,Chapling,lchaplingkx@zdnet.com,Female,46.248.15.99
755,Eward,Ledson,eledsonky@sciencedaily.com,Male,254.156.132.152
756,Juliana,Mingard,jmingardkz@adobe.com,Female,180.20.57.246
757,Giralda,Vurley,gvurleyl0@cnn.com,Female,223.11.145.238
758,Daphna,Harwood,dharwoodl1@washington.edu,Female,61.147.203.222
759,Aryn,Morrill,amorrilll2@sina.com.cn,Female,4.54.150.68
760,Hamlen,Realff,hrealffl3@gmpg.org,Male,205.123.192.111
761,Barb,Lucius,bluciusl4@deliciousdays.com,Female,189.22.175.51
762,Rhoda,Cottesford,rcottesfordl5@spiegel.de,Non-binary,77.92.108.193
763,Astrix,Ambrosoli,aambrosolil6@mysql.com,Female,130.134.225.193
764,Euphemia,Cowgill,ecowgilll7@360.cn,Genderfluid,131.6.121.117
765,Christiana,Bramsom,cbramsoml8@imageshack.us,Female,213.111.102.64
766,Raul,Capron,rcapronl9@aol.com,Male,134.76.2.179
767,Ketty,Casbourne,kcasbournela@nifty.com,Female,120.5.142.85
768,Maritsa,Do Rosario,mdorosariolb@yahoo.com,Non-binary,5.205.15.175
769,Anabel,O'Looney,aolooneylc@sakura.ne.jp,Female,18.91.175.60
770,Franky,Emmatt,femmattld@cam.ac.uk,Female,25.13.102.77
771,Findlay,Belton,fbeltonle@com.com,Male,68.70.192.102
772,Roseanna,Capelow,rcapelowlf@intel.com,Female,142.49.154.105
773,Brice,Cromer,bcromerlg@alexa.com,Genderfluid,123.90.6.42
774,Merna,Whines,mwhineslh@vimeo.com,Female,13.49.245.177
775,Delainey,Cleft,dcleftli@wired.com,Genderfluid,98.97.245.54
776,Rachelle,Million,rmillionlj@ox.ac.uk,Female,230.167.238.101
777,Huntlee,Pretty,hprettylk@blinklist.com,Male,27.131.72.195
778,Phoebe,Whitter,pwhitterll@usgs.gov,Female,152.95.167.31
779,Arne,Riggey,ariggeylm@patch.com,Male,108.123.50.62
780,Flore,Shatford,fshatfordln@washingtonpost.com,Female,151.64.166.106
781,Kial,MacConnechie,kmacconnechielo@unesco.org,Female,240.109.185.222
782,Shane,Dyshart,sdyshartlp@sina.com.cn,Male,201.51.212.110
783,Dennison,Finlaison,dfinlaisonlq@usgs.gov,Male,117.64.175.222
784,Gloriane,Wyvill,gwyvilllr@bigcartel.com,Female,234.193.222.173
785,Vallie,Borthram,vborthramls@desdev.cn,Female,67.74.175.29
786,Bartram,Le Hucquet,blehucquetlt@artisteer.com,Male,65.97.80.0
787,Jeffy,MacKenney,jmackenneylu@census.gov,Male,200.34.0.21
788,Dianemarie,Adenet,dadenetlv@printfriendly.com,Female,1.2.253.231
789,Madlin,Mosedall,mmosedalllw@nhs.uk,Female,167.215.183.157
790,Karmen,Cotman,kcotmanlx@theguardian.com,Female,230.54.101.54
791,Prinz,Streather,pstreatherly@upenn.edu,Male,95.34.234.144
792,Abie,McCrorie,amccrorielz@scribd.com,Male,236.90.113.207
793,Abba,Espada,aespadam0@ovh.net,Male,178.244.249.75
794,Francesco,Manueau,fmanueaum1@youtube.com,Male,222.45.138.127
795,Vaughan,Mullord,vmullordm2@si.edu,Male,159.107.190.112
796,Davis,Pasque,dpasquem3@devhub.com,Male,242.13.223.182
797,Ermanno,Derington,ederingtonm4@unc.edu,Male,31.65.214.112
798,Francoise,Rabbage,frabbagem5@engadget.com,Female,149.25.62.120
799,Cathlene,O'Brien,cobrienm6@yolasite.com,Female,14.254.69.182
800,Margareta,Hards,mhardsm7@github.io,Bigender,73.0.204.237
801,Kandace,Ivatt,kivattm8@google.co.uk,Female,91.111.211.63
802,Alexei,Bricket,abricketm9@netvibes.com,Male,103.24.254.79
803,Gaby,Allmark,gallmarkma@youtube.com,Female,130.192.163.51
804,Maribel,Gadsby,mgadsbymb@alibaba.com,Female,175.84.88.47
805,Barnard,Swetman,bswetmanmc@addtoany.com,Male,79.175.135.249
806,Nadiya,Lamburn,nlamburnmd@yahoo.co.jp,Female,223.247.89.10
807,Drake,Sloat,dsloatme@microsoft.com,Male,52.195.182.102
808,Corey,Cardenas,ccardenasmf@umich.edu,Female,12.100.115.234
809,Ddene,Cleatherow,dcleatherowmg@baidu.com,Female,99.95.248.166
810,Kattie,Methingam,kmethingammh@furl.net,Female,236.65.210.38
811,Eldin,Wreford,ewrefordmi@yelp.com,Male,78.141.193.171
812,Llewellyn,Shiels,lshielsmj@over-blog.com,Male,61.169.123.197
813,Odo,Mattsson,omattssonmk@google.com.au,Male,18.91.184.31
814,Arlana,Bentinck,abentinckml@house.gov,Genderqueer,10.22.81.206
815,Lindsey,Allchorne,lallchornemm@netscape.com,Female,165.45.85.217
816,Jeremie,Brunroth,jbrunrothmn@census.gov,Male,121.180.138.32
817,Diena,Vinnick,dvinnickmo@theatlantic.com,Agender,39.56.139.77
818,Billie,Balaison,bbalaisonmp@intel.com,Female,185.43.83.92
819,Arvie,McCuffie,amccuffiemq@springer.com,Male,68.251.159.59
820,Whitney,Pairpoint,wpairpointmr@toplist.cz,Male,171.171.231.174
821,Karita,Marjanski,kmarjanskims@psu.edu,Female,23.139.240.107
822,Rowena,Dahlman,rdahlmanmt@google.com.br,Female,183.95.222.88
823,Ginnie,Sweeney,gsweeneymu@jiathis.com,Female,66.154.164.45
824,Marjie,Ballay,mballaymv@blog.com,Female,108.169.231.159
825,Ignacius,McMaster,imcmastermw@blogtalkradio.com,Male,46.165.11.177
826,Chance,Coupman,ccoupmanmx@about.com,Male,74.230.187.236
827,Lloyd,Felipe,lfelipemy@toplist.cz,Male,135.10.94.13
828,Alejandro,McQuillin,amcquillinmz@economist.com,Male,251.9.4.1
829,Joelly,Pedrielli,jpedriellin0@blogger.com,Female,240.251.34.2
830,Sharon,Abramowsky,sabramowskyn1@dot.gov,Female,254.121.180.162
831,Blythe,Costin,bcostinn2@tripadvisor.com,Female,77.239.202.176
832,Dora,Keddey,dkeddeyn3@ucsd.edu,Female,109.239.158.132
833,Viki,Andreia,vandreian4@bing.com,Female,44.195.15.227
834,Maxi,De Ath,mdeathn5@europa.eu,Polygender,9.197.30.80
835,Pyotr,Rackam,prackamn6@dot.gov,Male,210.70.34.211
836,Hastings,Juza,hjuzan7@usa.gov,Male,147.129.247.176
837,Gwen,Hirthe,ghirthen8@weebly.com,Female,112.243.165.62
838,Frans,Egle of Germany,fegleofgermanyn9@domainmarket.com,Male,8.47.119.116
839,Haywood,Gimblett,hgimblettna@jalbum.net,Male,94.173.130.247
840,Hermine,Andrzejczak,handrzejczaknb@vistaprint.com,Female,106.21.145.173
841,Care,Bleiman,cbleimannc@about.com,Male,105.108.192.7
842,Randell,Pattisson,rpattissonnd@wsj.com,Male,231.149.216.177
843,Blondie,Whyffen,bwhyffenne@ning.com,Female,153.228.229.127
844,Zacherie,Thornally,zthornallynf@quantcast.com,Genderqueer,227.194.28.127
845,Reynard,Latchmore,rlatchmoreng@shareasale.com,Male,119.182.238.101
846,Dasha,Dempster,ddempsternh@huffingtonpost.com,Female,233.157.19.219
847,Konrad,Abley,kableyni@hp.com,Male,223.192.249.2
848,Joleen,Wilbud,jwilbudnj@pcworld.com,Female,140.10.8.32
849,Carolyn,Redhouse,credhousenk@slate.com,Female,128.211.61.28
850,Dorelia,Steanson,dsteansonnl@oracle.com,Female,26.36.48.7
851,Noellyn,Ithell,nithellnm@hud.gov,Female,238.164.83.231
852,Moritz,de Keyser,mdekeysernn@nymag.com,Male,137.246.219.233
853,Brandyn,McAless,bmcalessno@theatlantic.com,Male,15.37.177.77
854,Minne,Audrey,maudreynp@de.vu,Female,196.116.89.124
855,Tilda,Dybald,tdybaldnq@examiner.com,Female,59.184.153.241
856,Umeko,Gurnell,ugurnellnr@comsenz.com,Female,181.11.98.76
857,Arlen,Iddon,aiddonns@goo.ne.jp,Female,62.25.172.194
858,Northrop,Ivanshintsev,nivanshintsevnt@mlb.com,Male,94.85.214.129
859,Dolph,Babonau,dbabonaunu@prnewswire.com,Male,32.107.123.210
860,Adrien,Dietz,adietznv@globo.com,Male,162.207.35.78
861,Dani,Seely,dseelynw@amazonaws.com,Male,175.126.157.84
862,Hartley,Bosma,hbosmanx@mozilla.com,Male,236.90.239.208
863,Mord,Fahrenbach,mfahrenbachny@smugmug.com,Polygender,227.0.95.248
864,Cherice,Cockshot,ccockshotnz@1688.com,Female,145.0.18.15
865,Bendix,Crunden,bcrundeno0@loc.gov,Male,194.120.154.98
866,Boot,McKee,bmckeeo1@google.nl,Male,70.163.76.133
867,Reade,Vale,rvaleo2@alexa.com,Male,62.32.150.116
868,Hiram,Fulk,hfulko3@ning.com,Male,18.15.74.198
869,Jody,Middlebrook,jmiddlebrooko4@networkadvertising.org,Female,136.206.196.50
870,Adrea,Shier,ashiero5@tamu.edu,Female,175.177.215.232
871,Briant,Guerrin,bguerrino6@163.com,Male,179.108.154.12
872,Una,Nutten,unutteno7@cnet.com,Female,2.246.229.33
873,Cobby,Granleese,cgranleeseo8@stumbleupon.com,Male,136.22.177.111
874,Verge,Fiddyment,vfiddymento9@scientificamerican.com,Male,132.130.221.127
875,Levon,Wicklen,lwicklenoa@behance.net,Male,59.93.144.120
876,Melania,Bruntje,mbruntjeob@examiner.com,Genderqueer,206.102.132.190
877,Dacia,Follett,dfollettoc@whitehouse.gov,Female,67.14.8.83
878,Eran,Dadd,edaddod@woothemes.com,Female,194.131.200.204
879,Ab,Desaur,adesauroe@tumblr.com,Male,167.93.10.6
880,Alethea,Balnaves,abalnavesof@abc.net.au,Female,247.184.7.50
881,Ingamar,Donisi,idonisiog@plala.or.jp,Male,68.168.36.100
882,Leontine,Eudall,leudalloh@about.com,Female,53.150.88.106
883,Irene,Brotherhood,ibrotherhoodoi@whitehouse.gov,Polygender,38.147.179.207
884,Lay,McArley,lmcarleyoj@ehow.com,Genderqueer,84.239.78.150
885,Agretha,Surman-Wells,asurmanwellsok@icq.com,Agender,238.116.102.251
886,Mirilla,Packwood,mpackwoodol@msu.edu,Female,35.108.18.154
887,Inga,Saiz,isaizom@amazon.com,Female,5.82.210.71
888,Catina,Brandle,cbrandleon@java.com,Genderqueer,166.117.197.107
889,Walther,Tremble,wtrembleoo@dell.com,Male,205.232.173.139
890,Terrijo,Bygrave,tbygraveop@spotify.com,Female,112.74.165.242
891,Weider,Staning,wstaningoq@cdc.gov,Male,94.200.35.87
892,Averil,Hurrell,ahurrellor@nhs.uk,Female,255.157.177.211
893,Rockie,Rispin,rrispinos@macromedia.com,Male,9.85.118.252
894,Fayette,Leyre,fleyreot@thetimes.co.uk,Female,139.140.42.11
895,Lewie,Shakespear,lshakespearou@marketwatch.com,Male,247.229.35.167
896,Christiano,Barnhart,cbarnhartov@prlog.org,Male,82.72.214.35
897,Dulcea,Diggle,ddiggleow@weather.com,Genderfluid,224.253.54.75
898,Noach,Burrage,nburrageox@ebay.com,Male,195.106.11.18
899,Aundrea,Tucknott,atucknottoy@nature.com,Female,23.6.63.185
900,Benton,Serginson,bserginsonoz@domainmarket.com,Male,252.188.50.243
901,Alayne,Dog,adogp0@nps.gov,Female,195.142.94.82
902,Nat,Cubbit,ncubbitp1@uol.com.br,Agender,230.152.127.117
903,Pierce,Ferrey,pferreyp2@umich.edu,Male,128.131.43.51
904,Cirstoforo,Thirsk,cthirskp3@vinaora.com,Male,12.33.199.251
905,Jeana,Crake,jcrakep4@technorati.com,Female,129.96.125.133
906,Gaylor,Woodvine,gwoodvinep5@weather.com,Male,198.202.109.205
907,Jennie,O'Hannay,johannayp6@sfgate.com,Female,100.76.134.174
908,Brigitte,Hemphall,bhemphallp7@xinhuanet.com,Female,79.214.164.172
909,Claudine,Pattrick,cpattrickp8@cbc.ca,Female,238.196.120.172
910,Laura,Gander,lganderp9@opensource.org,Female,9.136.147.27
911,Aurie,Gounel,agounelpa@vinaora.com,Female,205.203.204.142
912,Gizela,Madgwick,gmadgwickpb@macromedia.com,Genderfluid,69.59.251.99
913,Chev,Whitehead,cwhiteheadpc@friendfeed.com,Male,209.87.176.99
914,Kerry,Mushrow,kmushrowpd@wikispaces.com,Female,74.57.78.10
915,Baudoin,Salsbury,bsalsburype@tripadvisor.com,Male,15.34.135.99
916,Rosy,Leaming,rleamingpf@huffingtonpost.com,Female,97.233.121.157
917,Aida,Smethurst,asmethurstpg@pinterest.com,Genderqueer,108.222.243.84
918,Romola,Grimble,rgrimbleph@i2i.jp,Female,191.92.169.56
919,Tedra,De La Coste,tdelacostepi@npr.org,Genderfluid,217.99.40.104
920,Willow,Roscamp,wroscamppj@deviantart.com,Female,23.69.121.13
921,Diahann,Daout,ddaoutpk@simplemachines.org,Female,170.187.162.227
922,Haleigh,Sumshon,hsumshonpl@huffingtonpost.com,Female,48.106.70.50
923,Buckie,Abriani,babrianipm@bigcartel.com,Male,47.30.13.219
924,Lorna,Grise,lgrisepn@t.co,Female,61.73.200.46
925,Lorene,Couroy,lcouroypo@facebook.com,Female,111.55.201.138
926,Tasia,Whiley,twhileypp@e-recht24.de,Female,93.230.1.178
927,Joellen,Kiggel,jkiggelpq@sogou.com,Female,24.157.155.147
928,Cirilo,Aylen,caylenpr@upenn.edu,Male,33.91.13.181
929,Baird,Mansion,bmansionps@github.io,Male,61.56.220.136
930,Gayle,Lorne,glornept@sina.com.cn,Female,226.89.212.72
931,Bel,Vodden,bvoddenpu@imdb.com,Female,61.236.83.207
932,Ursula,Tinline,utinlinepv@imdb.com,Female,8.5.58.33
933,Giavani,Blatherwick,gblatherwickpw@ezinearticles.com,Male,81.33.100.165
934,Caro,Macvain,cmacvainpx@addthis.com,Female,109.60.47.26
935,Sissie,Dowsey,sdowseypy@wsj.com,Female,50.214.225.156
936,Nicol,Cronkshaw,ncronkshawpz@newyorker.com,Female,32.178.18.220
937,Pen,Boulton,pboultonq0@behance.net,Male,180.235.194.86
938,Sheri,Tisun,stisunq1@springer.com,Female,44.121.219.147
939,Nertie,Maase,nmaaseq2@springer.com,Female,220.224.233.167
940,Myrta,Blow,mblowq3@addthis.com,Female,67.11.241.132
941,Valentia,Lilian,vlilianq4@instagram.com,Female,119.93.204.15
942,Bud,Sowrey,bsowreyq5@tumblr.com,Male,85.230.141.53
943,Cullin,Fennelow,cfennelowq6@earthlink.net,Male,57.130.156.48
944,Danella,Biermatowicz,dbiermatowiczq7@pagesperso-orange.fr,Genderfluid,198.98.210.226
945,Cobbie,Arkill,carkillq8@reddit.com,Male,176.190.62.150
946,Cherrita,Flaunders,cflaundersq9@columbia.edu,Female,177.30.113.164
947,Gilda,Morsey,gmorseyqa@symantec.com,Female,56.167.61.88
948,Dani,Padillo,dpadilloqb@yahoo.com,Male,144.149.6.221
949,Mignonne,Mungan,mmunganqc@weather.com,Female,52.201.49.161
950,Clarette,Bampkin,cbampkinqd@last.fm,Female,174.30.244.113
951,Austin,Ebi,aebiqe@hexun.com,Female,243.196.7.69
952,Catie,Stamper,cstamperqf@facebook.com,Female,145.56.176.130
953,Jacquenetta,Sircombe,jsircombeqg@disqus.com,Agender,120.198.123.50
954,Maridel,Cassely,mcasselyqh@abc.net.au,Female,255.63.231.19
955,Bryna,Northall,bnorthallqi@dot.gov,Female,205.39.55.188
956,Babb,Ackery,backeryqj@arizona.edu,Female,221.184.183.144
957,Cos,Jiricka,cjirickaqk@woothemes.com,Male,153.52.47.30
958,Justino,Yeomans,jyeomansql@weather.com,Male,72.43.161.61
959,Cly,Twort,ctwortqm@indiatimes.com,Polygender,75.231.186.160
960,Kelvin,Imms,kimmsqn@omniture.com,Male,7.127.35.207
961,Bettye,Elnaugh,belnaughqo@networkadvertising.org,Bigender,177.15.142.83
962,Shell,Lyddon,slyddonqp@github.io,Female,12.24.177.46
963,Odo,McAvey,omcaveyqq@symantec.com,Male,233.14.196.190
964,Ailbert,Nise,aniseqr@delicious.com,Male,227.79.17.142
965,Ky,Towers,ktowersqs@washington.edu,Male,151.87.131.58
966,Rowen,Kensington,rkensingtonqt@printfriendly.com,Male,65.210.10.188
967,Toddy,Chimenti,tchimentiqu@psu.edu,Male,210.133.154.101
968,Rolf,Tysack,rtysackqv@google.es,Male,1.208.187.151
969,Langsdon,Dunnan,ldunnanqw@typepad.com,Male,235.135.177.70
970,Ines,Pranger,iprangerqx@newyorker.com,Bigender,215.89.248.204
971,Pamella,Flanner,pflannerqy@si.edu,Female,234.163.135.198
972,Iosep,Bambridge,ibambridgeqz@bbc.co.uk,Male,205.69.121.98
973,Reube,Guiness,rguinessr0@nymag.com,Male,168.99.13.81
974,Garrek,Bisco,gbiscor1@aboutads.info,Male,2.152.236.103
975,Berkeley,McBride,bmcbrider2@altervista.org,Male,233.177.41.134
976,Seline,Albro,salbror3@sphinn.com,Female,105.241.54.188
977,Currie,Tettersell,ctettersellr4@marketwatch.com,Male,27.78.162.161
978,Joeann,Perceval,jpercevalr5@virginia.edu,Female,214.217.36.112
979,Ardys,Di Antonio,adiantonior6@blogger.com,Female,233.252.228.155
980,Cheryl,Yukhnov,cyukhnovr7@washingtonpost.com,Female,111.176.97.12
981,Kaja,Rarity,krarityr8@rambler.ru,Female,111.5.24.33
982,Glen,Bluck,gbluckr9@blogspot.com,Male,230.53.183.36
983,Marita,Figgess,mfiggessra@hud.gov,Female,243.254.235.202
984,Alec,Hollingsbee,ahollingsbeerb@un.org,Male,57.207.18.214
985,Em,Yvon,eyvonrc@blogtalkradio.com,Female,38.53.207.111
986,Cob,Noyce,cnoycerd@cnn.com,Male,15.227.197.71
987,Anestassia,Dransfield,adransfieldre@virginia.edu,Genderfluid,237.195.163.194
988,Kat,Beauvais,kbeauvaisrf@google.fr,Female,182.92.147.82
989,Tony,Noore,tnoorerg@unblog.fr,Male,131.148.60.103
990,Sheila-kathryn,Hanfrey,shanfreyrh@ebay.co.uk,Female,130.251.111.13
991,Xymenes,Danet,xdanetri@skype.com,Male,62.87.255.140
992,Shayna,Bunch,sbunchrj@washington.edu,Female,171.196.40.62
993,Janette,Malkinson,jmalkinsonrk@mozilla.com,Female,10.213.199.224
994,Iver,Puffett,ipuffettrl@blog.com,Male,49.89.111.116
995,Ivan,Brazener,ibrazenerrm@cbsnews.com,Male,248.148.226.249
996,Kevan,McCoy,kmccoyrn@harvard.edu,Non-binary,112.70.61.248
997,Gray,Prendiville,gprendivillero@163.com,Male,47.130.83.45
998,Ahmad,Foffano,afoffanorp@pinterest.com,Male,58.39.171.246
999,Anita,Le febre,alefebrerq@sina.com.cn,Female,29.172.199.40
1000,Natka,Cinderey,ncindereyrr@irs.gov,Female,189.207.48.105
